Year,Time,Game,Winning Team,Losing Team,Score,Notes
2022,14:00,Wiffleball,"Impalli, John, Jorge, Nick, Steve","Bobby, Erik, Mike A, Mike G, Ralph",,6 or 7 Innings
2023,14:00,Wiffleball,"Impalli, Jorge, Kevin B, Mike A, Ralph, Tommy","Bobby, Erik, Joe, Mike G, Mike K, Nick, Steve",2-1,"3 innings, walk-off"
2023,14:45,Wiffleball,"Bobby, Impalli, Joe, Jorge, Mike G, Steve","Erik, Kevin B, Mike A, Mike K, Nick, Ralph, Tommy",10-3,"3 innings, over after top 3rd"
2023,16:44,Cornhole,"Erik, Impalli","Ralph, Tommy",23-7,
2023,16:44,Polish Horseshoes,"Bobby, Tommy","Erik, Impalli",,Game to 11
2023,16:44,Polish Horseshoes,"Mike K, Joe","Bobby, Tommy",,
2023,16:46,Polish Horseshoes,"Mike K, Joe","Jorge, Kevin B",,
2023,16:46,Polish Horseshoes,"Mike K, Joe","Jorge, Kevin B",,
2023,16:50,Cornhole,"Erik, Impalli","Mike G, Steve",23-3,
2023,16:53,Thumb Wrestle,Steve,Tommy,,Draw
2023,17:00,Cornhole,"Erik, Impalli","Jorge, Kevin B",24-5,
2023,17:15,Cornhole,"Erik, Impalli","Jorge, Kevin B",22-18,
2023,18:00,Wiffleball,"Kevin B, Jorge, Mike G, Mike K, Tommy","Bobby, Erik, Impalli, Joe, Ralph",,3 innings
2023,19:29,Spikeball,"Bobby, Jorge","Joe, Tommy",,Game to 11
2023,20:34,Cornhole,"Erik, Impalli","Joe, Tommy",23-16,
2023,21:00,Spikeball,"Bobby, Nick","Joe, Tommy",,
2023,22:00,Beer Ball,"Joe, Tommy","Bobby, Impalli",,
2023,22:52,Flip Cup,"Bobby, Joe, Julie","Impalli, Nick, Tommy",,
2023,22:52,Flip Cup,"Bobby, Joe, Julie","Impalli, Nick, Tommy",,
2023,22:53,Triathalon,"Impalli, Nick, Tommy","Bobby, Joe, Julie",,
2023,22:53,Triathalon,"Impalli, Nick, Tommy","Bobby, Joe, Julie",,
2023,22:53,Triathalon,"Impalli, Nick, Tommy","Bobby, Joe, Julie",,
2023,23:02,Triathalon,"Impalli, Nick, Tommy","Bobby, Joe, Julie",,
2023,23:20,Triathalon,"Bobby, Joe, Julie","Impalli, Nick, Tommy",,
2024,14:00,Wiffleball,"Ari, John, Jorge, Nick, Ralph, Scott","Bobby, Erik, Impalli, Joe, Kevin B, Tommy",,3 innings
2024,16:40,Cornhole,"Impalli, John","Jorge, Mike G",,
2024,17:40,Cornhole,"Bobby, Erik","Joe, Tommy",21-18,
2024,17:50,Cornhole,"Bobby, Erik","Impalli, John",21-8,
2024,18:12,Cornhole,"Bobby, Erik","Ari, Jorge",21-15,
2024,18:58,Cornhole,"Bobby, Erik","Joe, Tommy",24-4,
2024,19:26,Cornhole,"Bobby, Erik","Impalli, John",25-8,
2024,19:40,Polish Horseshoes,"Ari, Bobby","Impalli, Jorge",,
2024,19:47,Polish Horseshoes,"Impalli, Jorge","Bobby, Joe",,
2024,20:00,Magic Cards,Ralph,"Nick, Steve",,
2024,20:12,Kan Jam,"Impalli, Jorge","Bobby, Tommy",,
2024,20:32,Kan Jam,"Impalli, Jorge","Bobby, Tommy",,
2024,20:38,Kan Jam,"Bobby, Tommy","Impalli, Jorge",,
2024,20:57,Kan Jam,"Impalli, Jorge","Bobby, Tommy",,
2024,21:00,Magic Cards,Ralph,Nick,,
2024,21:30,Magic Cards,Ralph,Nick,,
2024,22:00,Magic Cards,Nick,Ralph,,
2024,22:05,Table Hockey,Bobby,Impalli,,
2024,22:15,Billiards,Impalli,Ralph,,
2024,22:39,Billiards,Ralph,Nick,,
2024,23:22,Billiards,Bobby,Ralph,,
2024,01:00,Liars Dice,Impalli,"John, Tommy",,
2025,13:45,Volleyball,"Bobby, Erik, Nick, Ralph","Impalli, Joe, Jorge, Tommy",11-7,
2025,14:01,Volleyball,"Bobby, Erik, Nick, Ralph","Impalli, Joe, Jorge, Tommy",11-5,
2025,14:11,Volleyball,"Erik, Impalli, Nick, Ralph","Bobby, Joe, Jorge, Tommy",11-6,
2025,14:19,Volleyball,"Bobby, Joe, Jorge, Tommy","Erik, Impalli, Nick, Ralph",11-3,
2025,16:45,Cornhole,"Bobby, Tommy","Impalli, Steve",,
2025,17:00,Cornhole,"Bobby, Tommy","Erik, Joe",,
2025,17:30,Cornhole,"Impalli, Mike G","Erik, Steve",21-4,
2025,17:41,Badminton,"Tommy, Ralph","Bobby, Nick",,
2025,17:46,Badminton,"Tommy, Ralph","Erik, Impalli",,
2025,18:03,Volleyball,"Bobby, Tommy","Nick, Ralph",,
2025,18:13,Volleyball,"Bobby, Tommy","Nick, Ralph",,
2025,18:23,Volleyball,"Nick, Ralph","Bobby, Tommy",,
2025,18:33,Volleyball,"Bobby, Tommy","Nick, Ralph",,
2025,19:35,Volleyball,"Bobby, Nick","Ralph, Tommy",,
2025,19:50,Volleyball,"Ralph, Tommy","Bobby, Nick",,
2025,20:05,Volleyball,"Bobby, Nick","Ralph, Tommy",,
2025,20:20,Volleyball,"Ralph, Tommy","Bobby, Nick",,
2025,20:35,Volleyball,"Ralph, Tommy","Bobby, Nick",,
2025,20:47,Wingspan,Erik,"Impalli, Steve",110-84-77,
2025,23:43,Chameleon,Erik,"Bobby, Impalli, Tommy",,
2025,00:23,Magic Cards,Nick,"Ralph, Steve",,
2025,01:20,Billiards,"Bobby, Impalli","Ralph, Tommy",,
2025,01:36,Billiards,"Bobby, Nick","Ralph, Tommy",,
2025,01:48,Billiards - 9 Ball,Bobby,Tommy,,
2025,01:52,Billiards - 9 Ball,Bobby,Impalli,,
2025,01:56,Billiards - 9 Ball,Impalli,Bobby,,
2025,01:58,Billiards - 9 Ball,Bobby,Impalli,,
2025,02:06,Billiards - 9 Ball,Impalli,Bobby,,